num_columns,decode_time_ms,size_mb
10,0.727725,0.55119
100,1.54235,5.51181
1000,12.8323,55.121
10000,155.597,551.283
